-- ============================================
-- LEVENTS — REAL SEED DATA (corrected UUIDs)
-- Customers + Products + Orders + Order Items
-- Date: 2026-05-17  |  Run on Supabase SQL Editor
-- UUID scheme (all groups valid hex):
--   users:     a100000n-0000-0000-0000-000000000000
--   addresses: b100000n-0000-0000-0000-000000000000
--   products:  c100000n-0000-0000-0000-000000000000
--   variants:  d1PP0V00-0000-0000-0000-000000000000  (PP=prod 01-10, V=var 1-6)
--   orders:    e100OOOO-0000-0000-0000-000000000000  (OOOO=order 0001-0040)
--   items:     fOOO0I00-0000-0000-0000-000000000000  (OOO=order, I=item)
-- ============================================

-- ============================================
-- PART 1: CUSTOMERS
-- Password: Customer@123
-- ============================================
INSERT INTO users (id, email, phone, password_hash, full_name, role, email_verified, is_active, created_at)
VALUES
  ('a1000001-0000-0000-0000-000000000000','nguyen.thi.lan@gmail.com', '0901234501','$2b$12$co2P.Qe/XV4XUHL.pyNhau9JdBZ1Lqx9rR2YF.EprwkQNS6/6Rgzu','Nguyễn Thị Lan',  'customer',true,true,NOW()-INTERVAL '30 days'),
  ('a1000002-0000-0000-0000-000000000000','tran.minh.tuan@gmail.com', '0912345602','$2b$12$co2P.Qe/XV4XUHL.pyNhau9JdBZ1Lqx9rR2YF.EprwkQNS6/6Rgzu','Trần Minh Tuấn',  'customer',true,true,NOW()-INTERVAL '25 days'),
  ('a1000003-0000-0000-0000-000000000000','le.thi.hoa@gmail.com',     '0923456703','$2b$12$co2P.Qe/XV4XUHL.pyNhau9JdBZ1Lqx9rR2YF.EprwkQNS6/6Rgzu','Lê Thị Hoa',      'customer',true,true,NOW()-INTERVAL '20 days'),
  ('a1000004-0000-0000-0000-000000000000','pham.quoc.bao@gmail.com',  '0934567804','$2b$12$co2P.Qe/XV4XUHL.pyNhau9JdBZ1Lqx9rR2YF.EprwkQNS6/6Rgzu','Phạm Quốc Bảo',   'customer',true,true,NOW()-INTERVAL '18 days'),
  ('a1000005-0000-0000-0000-000000000000','hoang.thu.linh@gmail.com', '0945678905','$2b$12$co2P.Qe/XV4XUHL.pyNhau9JdBZ1Lqx9rR2YF.EprwkQNS6/6Rgzu','Hoàng Thu Linh',  'customer',true,true,NOW()-INTERVAL '15 days'),
  ('a1000006-0000-0000-0000-000000000000','vu.thanh.nam@gmail.com',   '0956789006','$2b$12$co2P.Qe/XV4XUHL.pyNhau9JdBZ1Lqx9rR2YF.EprwkQNS6/6Rgzu','Vũ Thanh Nam',    'customer',true,true,NOW()-INTERVAL '12 days'),
  ('a1000007-0000-0000-0000-000000000000','dang.thi.mai@gmail.com',   '0967890107','$2b$12$co2P.Qe/XV4XUHL.pyNhau9JdBZ1Lqx9rR2YF.EprwkQNS6/6Rgzu','Đặng Thị Mai',    'customer',true,true,NOW()-INTERVAL  '8 days'),
  ('a1000008-0000-0000-0000-000000000000','bui.van.khanh@gmail.com',  '0978901208','$2b$12$co2P.Qe/XV4XUHL.pyNhau9JdBZ1Lqx9rR2YF.EprwkQNS6/6Rgzu','Bùi Văn Khánh',   'customer',true,true,NOW()-INTERVAL  '5 days')
ON CONFLICT DO NOTHING;

-- ============================================
-- PART 2: ADDRESSES
-- ============================================
INSERT INTO addresses (id, user_id, full_name, phone, province, district, ward, street_address, is_default)
VALUES
  ('b1000001-0000-0000-0000-000000000000','a1000001-0000-0000-0000-000000000000','Nguyễn Thị Lan', '0901234501','TP. Hồ Chí Minh','Quận 1',          'Phường Bến Nghé',    '12 Đường Lê Lợi',        true),
  ('b1000002-0000-0000-0000-000000000000','a1000002-0000-0000-0000-000000000000','Trần Minh Tuấn', '0912345602','TP. Hồ Chí Minh','Quận 3',          'Phường 7',            '45 Nguyễn Thị Minh Khai',true),
  ('b1000003-0000-0000-0000-000000000000','a1000003-0000-0000-0000-000000000000','Lê Thị Hoa',     '0923456703','Hà Nội',          'Quận Đống Đa',    'Phường Láng Hạ',      '78 Đường Láng',           true),
  ('b1000004-0000-0000-0000-000000000000','a1000004-0000-0000-0000-000000000000','Phạm Quốc Bảo',  '0934567804','TP. Hồ Chí Minh','Quận Bình Thạnh','Phường 25',           '23 Đinh Bộ Lĩnh',        true),
  ('b1000005-0000-0000-0000-000000000000','a1000005-0000-0000-0000-000000000000','Hoàng Thu Linh', '0945678905','Đà Nẵng',         'Quận Hải Châu',  'Phường Thạch Thang',  '56 Phan Châu Trinh',      true),
  ('b1000006-0000-0000-0000-000000000000','a1000006-0000-0000-0000-000000000000','Vũ Thanh Nam',   '0956789006','TP. Hồ Chí Minh','Quận 7',          'Phường Tân Phú',      '89 Nguyễn Thị Thập',     true),
  ('b1000007-0000-0000-0000-000000000000','a1000007-0000-0000-0000-000000000000','Đặng Thị Mai',   '0967890107','Hà Nội',          'Quận Cầu Giấy',  'Phường Dịch Vọng',    '34 Trần Thái Tông',       true),
  ('b1000008-0000-0000-0000-000000000000','a1000008-0000-0000-0000-000000000000','Bùi Văn Khánh',  '0978901208','TP. Hồ Chí Minh','Quận 10',         'Phường 12',           '67 Tô Hiến Thành',       true)
ON CONFLICT DO NOTHING;

-- ============================================
-- PART 3: PRODUCTS + VARIANTS (inside DO block)
-- ============================================
DO $$
DECLARE
  c_at  UUID; c_sm UUID; c_q UUID; c_vd UUID; c_ak UUID; c_pk UUID;
BEGIN
  SELECT id INTO c_at  FROM categories WHERE slug='ao-thun'  LIMIT 1;
  SELECT id INTO c_sm  FROM categories WHERE slug='ao-so-mi' LIMIT 1;
  SELECT id INTO c_q   FROM categories WHERE slug='quan'     LIMIT 1;
  SELECT id INTO c_vd  FROM categories WHERE slug='vay-dam'  LIMIT 1;
  SELECT id INTO c_ak  FROM categories WHERE slug='ao-khoac' LIMIT 1;
  SELECT id INTO c_pk  FROM categories WHERE slug='phu-kien' LIMIT 1;

  INSERT INTO products (id, category_id, name, slug, description, base_price, sale_price, discount_percent, badge, sold_count, avg_rating, review_count, sku_prefix, material, is_featured, is_active)
  VALUES
    ('c1000001-0000-0000-0000-000000000000',c_at,'Áo Thun Nam Cổ Tròn Basic',       'ao-thun-nam-co-tron-basic',       'Áo thun cổ tròn thoáng mát, cotton cao cấp.',          299000,NULL,    NULL,'bestseller',142,4.7,38,'ATN001','100% Cotton',      true,  true),
    ('c1000002-0000-0000-0000-000000000000',c_at,'Áo Thun Nữ Crop Top Trơn',        'ao-thun-nu-crop-top-tron',        'Crop top thoải mái, mix đồ đa năng.',                  249000,NULL,    NULL,'sale',        98, 4.5,26,'ATN002','Cotton Spandex',   false, true),
    ('c1000003-0000-0000-0000-000000000000',c_sm,'Áo Sơ Mi Nam Dài Tay Trắng',      'ao-so-mi-nam-dai-tay-trang',      'Sơ mi trắng công sở thanh lịch, dễ phối đồ.',          499000,NULL,    NULL,'new',         67, 4.8,19,'ASM001','Cotton 80% Poly',  true,  true),
    ('c1000004-0000-0000-0000-000000000000',c_sm,'Áo Sơ Mi Nữ Tay Bồng Pastel',     'ao-so-mi-nu-tay-bong-pastel',     'Tay bồng nhẹ nhàng, màu pastel dịu dàng.',             449000,NULL,    NULL,'hot',         55, 4.6,15,'ASM002','Chiffon',          false, true),
    ('c1000005-0000-0000-0000-000000000000',c_q, 'Quần Kaki Nam Slim Fit',           'quan-kaki-nam-slim-fit',           'Quần kaki slim fit năng động, thích hợp đi làm.',      599000,NULL,    NULL,'bestseller',  89, 4.7,22,'QKN001','Cotton Kaki',      true,  true),
    ('c1000006-0000-0000-0000-000000000000',c_q, 'Quần Jean Nữ Ống Rộng',           'quan-jean-nu-ong-rong',           'Jean ống rộng trend, tôn dáng.',                        699000,NULL,    NULL,'sale',        76, 4.6,18,'QJN001','Denim 98% Cotton', false, true),
    ('c1000007-0000-0000-0000-000000000000',c_vd,'Váy Maxi Hoa Nhí Đi Biển',        'vay-maxi-hoa-nhi-di-bien',        'Váy maxi hoa nhí nhẹ nhàng, đi biển hay dạo phố.',    549000,NULL,    NULL,'new',         43, 4.5,11,'VAN001','Voan Lụa',         true,  true),
    ('c1000008-0000-0000-0000-000000000000',c_vd,'Đầm Thun Ôm Body Công Sở',        'dam-thun-om-body-cong-so',        'Đầm ôm body tôn dáng, lịch sự nơi công sở.',           459000,NULL,    NULL,'hot',         61, 4.7,17,'DAN001','Cotton Spandex',   false, true),
    ('c1000009-0000-0000-0000-000000000000',c_ak,'Áo Khoác Bomber Unisex Basic',    'ao-khoac-bomber-unisex-basic',    'Bomber unisex basic, ấm áp và phong cách.',            799000,NULL,    NULL,'bestseller',  54, 4.8,14,'AKB001','Polyester',        true,  true),
    ('c1000010-0000-0000-0000-000000000000',c_pk,'Túi Tote Canvas In Logo Levents', 'tui-tote-canvas-in-logo-levents', 'Túi tote canvas chắc chắn, in logo Levents cá tính.', 199000,NULL,    NULL,'new',         38, 4.4, 9,'TTC001','Canvas',           false, true)
  ON CONFLICT DO NOTHING;

  INSERT INTO product_images (product_id, image_url, alt_text, sort_order, is_primary)
  VALUES
    ('c1000001-0000-0000-0000-000000000000','/images/products/product-1.png','Áo Thun Nam Cổ Tròn Basic',   0,true),
    ('c1000002-0000-0000-0000-000000000000','/images/products/product-2.png','Áo Thun Nữ Crop Top Trơn',    0,true),
    ('c1000003-0000-0000-0000-000000000000','/images/products/product-3.png','Áo Sơ Mi Nam Dài Tay Trắng',  0,true),
    ('c1000004-0000-0000-0000-000000000000','/images/products/product-4.png','Áo Sơ Mi Nữ Tay Bồng Pastel', 0,true),
    ('c1000005-0000-0000-0000-000000000000','/images/products/product-5.png','Quần Kaki Nam Slim Fit',       0,true),
    ('c1000006-0000-0000-0000-000000000000','/images/products/product-6.png','Quần Jean Nữ Ống Rộng',       0,true),
    ('c1000007-0000-0000-0000-000000000000','/images/products/product-7.png','Váy Maxi Hoa Nhí Đi Biển',    0,true),
    ('c1000008-0000-0000-0000-000000000000','/images/products/product-8.png','Đầm Thun Ôm Body Công Sở',    0,true),
    ('c1000009-0000-0000-0000-000000000000','/images/products/product-9.png','Áo Khoác Bomber Unisex Basic',0,true),
    ('c1000010-0000-0000-0000-000000000000','/images/products/product-1.png','Túi Tote Canvas Levents',     0,true)
  ON CONFLICT DO NOTHING;

  -- Variants: ID format d1PP0V00 (PP=product 01-10, V=variant 1-6), all valid hex
  INSERT INTO product_variants (id, product_id, size, color_name, color_hex, sku, stock_quantity, additional_price)
  VALUES
    -- P1 áo thun nam (6 variants)
    ('d1010100-0000-0000-0000-000000000000','c1000001-0000-0000-0000-000000000000','S', 'Trắng',     '#FFFFFF','ATN001-S-TRG', 30,0),
    ('d1010200-0000-0000-0000-000000000000','c1000001-0000-0000-0000-000000000000','M', 'Trắng',     '#FFFFFF','ATN001-M-TRG', 45,0),
    ('d1010300-0000-0000-0000-000000000000','c1000001-0000-0000-0000-000000000000','L', 'Trắng',     '#FFFFFF','ATN001-L-TRG', 40,0),
    ('d1010400-0000-0000-0000-000000000000','c1000001-0000-0000-0000-000000000000','S', 'Đen',       '#111111','ATN001-S-DEN', 28,0),
    ('d1010500-0000-0000-0000-000000000000','c1000001-0000-0000-0000-000000000000','M', 'Đen',       '#111111','ATN001-M-DEN', 50,0),
    ('d1010600-0000-0000-0000-000000000000','c1000001-0000-0000-0000-000000000000','L', 'Đen',       '#111111','ATN001-L-DEN', 35,0),
    -- P2 crop top nữ (5 variants)
    ('d1020100-0000-0000-0000-000000000000','c1000002-0000-0000-0000-000000000000','S', 'Hồng',      '#FFB6C1','ATN002-S-HOG', 25,0),
    ('d1020200-0000-0000-0000-000000000000','c1000002-0000-0000-0000-000000000000','M', 'Hồng',      '#FFB6C1','ATN002-M-HOG', 30,0),
    ('d1020300-0000-0000-0000-000000000000','c1000002-0000-0000-0000-000000000000','L', 'Hồng',      '#FFB6C1','ATN002-L-HOG', 20,0),
    ('d1020400-0000-0000-0000-000000000000','c1000002-0000-0000-0000-000000000000','S', 'Be',        '#F5F5DC','ATN002-S-BE',  22,0),
    ('d1020500-0000-0000-0000-000000000000','c1000002-0000-0000-0000-000000000000','M', 'Be',        '#F5F5DC','ATN002-M-BE',  28,0),
    -- P3 sơ mi nam (4 variants)
    ('d1030100-0000-0000-0000-000000000000','c1000003-0000-0000-0000-000000000000','M', 'Trắng',     '#FFFFFF','ASM001-M-TRG', 20,0),
    ('d1030200-0000-0000-0000-000000000000','c1000003-0000-0000-0000-000000000000','L', 'Trắng',     '#FFFFFF','ASM001-L-TRG', 25,0),
    ('d1030300-0000-0000-0000-000000000000','c1000003-0000-0000-0000-000000000000','XL','Trắng',     '#FFFFFF','ASM001-XL-TRG',18,0),
    ('d1030400-0000-0000-0000-000000000000','c1000003-0000-0000-0000-000000000000','M', 'Xanh',      '#4169E1','ASM001-M-XHD', 15,0),
    -- P4 sơ mi nữ tay bồng (3 variants)
    ('d1040100-0000-0000-0000-000000000000','c1000004-0000-0000-0000-000000000000','S', 'Xanh Pastel','#B0D8E8','ASM002-S-XPS',18,0),
    ('d1040200-0000-0000-0000-000000000000','c1000004-0000-0000-0000-000000000000','M', 'Xanh Pastel','#B0D8E8','ASM002-M-XPS',22,0),
    ('d1040300-0000-0000-0000-000000000000','c1000004-0000-0000-0000-000000000000','L', 'Hồng Pastel','#FFD1DC','ASM002-L-HPS',16,0),
    -- P5 quần kaki (4 variants)
    ('d1050100-0000-0000-0000-000000000000','c1000005-0000-0000-0000-000000000000','M', 'Be',        '#D2B48C','QKN001-M-BE',  20,0),
    ('d1050200-0000-0000-0000-000000000000','c1000005-0000-0000-0000-000000000000','L', 'Be',        '#D2B48C','QKN001-L-BE',  25,0),
    ('d1050300-0000-0000-0000-000000000000','c1000005-0000-0000-0000-000000000000','XL','Be',        '#D2B48C','QKN001-XL-BE', 18,0),
    ('d1050400-0000-0000-0000-000000000000','c1000005-0000-0000-0000-000000000000','M', 'Đen',       '#111111','QKN001-M-DEN', 22,0),
    -- P6 jean nữ (3 variants)
    ('d1060100-0000-0000-0000-000000000000','c1000006-0000-0000-0000-000000000000','S', 'Xanh Nhạt', '#AFDDE5','QJN001-S-XNH', 15,0),
    ('d1060200-0000-0000-0000-000000000000','c1000006-0000-0000-0000-000000000000','M', 'Xanh Nhạt', '#AFDDE5','QJN001-M-XNH', 20,0),
    ('d1060300-0000-0000-0000-000000000000','c1000006-0000-0000-0000-000000000000','L', 'Xanh Đậm',  '#1560BD','QJN001-L-XDM', 18,0),
    -- P7 váy maxi (3 variants)
    ('d1070100-0000-0000-0000-000000000000','c1000007-0000-0000-0000-000000000000','S', 'Trắng Hoa', '#FAF0E6','VAN001-S-THO', 12,0),
    ('d1070200-0000-0000-0000-000000000000','c1000007-0000-0000-0000-000000000000','M', 'Trắng Hoa', '#FAF0E6','VAN001-M-THO', 15,0),
    ('d1070300-0000-0000-0000-000000000000','c1000007-0000-0000-0000-000000000000','L', 'Vàng Hoa',  '#FADA5E','VAN001-L-VHO', 10,0),
    -- P8 đầm công sở (3 variants)
    ('d1080100-0000-0000-0000-000000000000','c1000008-0000-0000-0000-000000000000','S', 'Đen',       '#111111','DAN001-S-DEN', 20,0),
    ('d1080200-0000-0000-0000-000000000000','c1000008-0000-0000-0000-000000000000','M', 'Đen',       '#111111','DAN001-M-DEN', 25,0),
    ('d1080300-0000-0000-0000-000000000000','c1000008-0000-0000-0000-000000000000','L', 'Navy',      '#000080','DAN001-L-NVY', 18,0),
    -- P9 bomber (3 variants)
    ('d1090100-0000-0000-0000-000000000000','c1000009-0000-0000-0000-000000000000','S', 'Đen',       '#111111','AKB001-S-DEN', 15,0),
    ('d1090200-0000-0000-0000-000000000000','c1000009-0000-0000-0000-000000000000','M', 'Đen',       '#111111','AKB001-M-DEN', 20,0),
    ('d1090300-0000-0000-0000-000000000000','c1000009-0000-0000-0000-000000000000','L', 'Xanh Rêu',  '#556B2F','AKB001-L-XRE', 12,0),
    -- P10 túi tote (2 variants)
    ('d1100100-0000-0000-0000-000000000000','c1000010-0000-0000-0000-000000000000','FREE','Trắng',   '#FFFFFF','TTC001-F-TRG', 50,0),
    ('d1100200-0000-0000-0000-000000000000','c1000010-0000-0000-0000-000000000000','FREE','Đen',     '#111111','TTC001-F-DEN', 50,0)
  ON CONFLICT DO NOTHING;
END $$;

-- ============================================
-- PART 4: ORDERS (40 đơn, 14 ngày 04-17/05/2026)
-- Prices verified: total = subtotal - discount + shipping
-- Payments: ~60% bank_transfer, ~40% cod
-- ============================================
INSERT INTO orders (id,order_number,user_id,address_id,subtotal,discount_amount,shipping_fee,total_amount,status,payment_method,payment_status,shipping_name,shipping_phone,shipping_address,created_at)
VALUES
-- 04/05: 2 orders
('e1000001-0000-0000-0000-000000000000','LEV-20260504-0001','a1000001-0000-0000-0000-000000000000','b1000001-0000-0000-0000-000000000000',  598000,     0,30000,  628000,'completed',       'bank_transfer','paid',   'Nguyễn Thị Lan', '0901234501','12 Đường Lê Lợi, Phường Bến Nghé, Quận 1, TP. HCM',                        '2026-05-04 09:15:00+07'),
('e1000002-0000-0000-0000-000000000000','LEV-20260504-0002','a1000002-0000-0000-0000-000000000000','b1000002-0000-0000-0000-000000000000',  499000,     0,    0,  499000,'completed',       'cod',          'paid',   'Trần Minh Tuấn', '0912345602','45 Nguyễn Thị Minh Khai, Phường 7, Quận 3, TP. HCM',                     '2026-05-04 14:30:00+07'),
-- 05/05: 2 orders
('e1000003-0000-0000-0000-000000000000','LEV-20260505-0001','a1000003-0000-0000-0000-000000000000','b1000003-0000-0000-0000-000000000000',  449000,     0,30000,  479000,'completed',       'bank_transfer','paid',   'Lê Thị Hoa',     '0923456703','78 Đường Láng, Phường Láng Hạ, Quận Đống Đa, Hà Nội',                    '2026-05-05 10:00:00+07'),
('e1000004-0000-0000-0000-000000000000','LEV-20260505-0002','a1000004-0000-0000-0000-000000000000','b1000004-0000-0000-0000-000000000000',  799000,     0,    0,  799000,'completed',       'cod',          'paid',   'Phạm Quốc Bảo',  '0934567804','23 Đinh Bộ Lĩnh, Phường 25, Quận Bình Thạnh, TP. HCM',                   '2026-05-05 16:45:00+07'),
-- 06/05: 2 orders
('e1000005-0000-0000-0000-000000000000','LEV-20260506-0001','a1000005-0000-0000-0000-000000000000','b1000005-0000-0000-0000-000000000000',  848000, 50000,    0,  798000,'completed',       'bank_transfer','paid',   'Hoàng Thu Linh', '0945678905','56 Phan Châu Trinh, Phường Thạch Thang, Quận Hải Châu, Đà Nẵng',        '2026-05-06 08:20:00+07'),
('e1000006-0000-0000-0000-000000000000','LEV-20260506-0002','a1000001-0000-0000-0000-000000000000','b1000001-0000-0000-0000-000000000000',  299000,     0,30000,  329000,'completed',       'cod',          'paid',   'Nguyễn Thị Lan', '0901234501','12 Đường Lê Lợi, Phường Bến Nghé, Quận 1, TP. HCM',                        '2026-05-06 11:50:00+07'),
-- 07/05: 2 orders
('e1000007-0000-0000-0000-000000000000','LEV-20260507-0001','a1000006-0000-0000-0000-000000000000','b1000006-0000-0000-0000-000000000000',  599000,     0,    0,  599000,'completed',       'bank_transfer','paid',   'Vũ Thanh Nam',   '0956789006','89 Nguyễn Thị Thập, Phường Tân Phú, Quận 7, TP. HCM',                    '2026-05-07 09:00:00+07'),
('e1000008-0000-0000-0000-000000000000','LEV-20260507-0002','a1000002-0000-0000-0000-000000000000','b1000002-0000-0000-0000-000000000000',  249000,     0,30000,  279000,'completed',       'cod',          'paid',   'Trần Minh Tuấn', '0912345602','45 Nguyễn Thị Minh Khai, Phường 7, Quận 3, TP. HCM',                     '2026-05-07 15:20:00+07'),
-- 08/05: 3 orders
('e1000009-0000-0000-0000-000000000000','LEV-20260508-0001','a1000007-0000-0000-0000-000000000000','b1000007-0000-0000-0000-000000000000',  549000,     0,    0,  549000,'completed',       'bank_transfer','paid',   'Đặng Thị Mai',   '0967890107','34 Trần Thái Tông, Phường Dịch Vọng, Quận Cầu Giấy, Hà Nội',            '2026-05-08 10:30:00+07'),
('e1000010-0000-0000-0000-000000000000','LEV-20260508-0002','a1000003-0000-0000-0000-000000000000','b1000003-0000-0000-0000-000000000000',  799000,     0,    0,  799000,'completed',       'cod',          'paid',   'Lê Thị Hoa',     '0923456703','78 Đường Láng, Phường Láng Hạ, Quận Đống Đa, Hà Nội',                    '2026-05-08 14:10:00+07'),
('e1000011-0000-0000-0000-000000000000','LEV-20260508-0003','a1000008-0000-0000-0000-000000000000','b1000008-0000-0000-0000-000000000000',  459000,     0,30000,  489000,'completed',       'bank_transfer','paid',   'Bùi Văn Khánh',  '0978901208','67 Tô Hiến Thành, Phường 12, Quận 10, TP. HCM',                          '2026-05-08 17:00:00+07'),
-- 09/05: 2 orders
('e1000012-0000-0000-0000-000000000000','LEV-20260509-0001','a1000004-0000-0000-0000-000000000000','b1000004-0000-0000-0000-000000000000', 1148000, 50000,    0, 1098000,'completed',       'bank_transfer','paid',   'Phạm Quốc Bảo',  '0934567804','23 Đinh Bộ Lĩnh, Phường 25, Quận Bình Thạnh, TP. HCM',                   '2026-05-09 09:40:00+07'),
('e1000013-0000-0000-0000-000000000000','LEV-20260509-0002','a1000005-0000-0000-0000-000000000000','b1000005-0000-0000-0000-000000000000',  499000,     0,    0,  499000,'completed',       'cod',          'paid',   'Hoàng Thu Linh', '0945678905','56 Phan Châu Trinh, Phường Thạch Thang, Quận Hải Châu, Đà Nẵng',        '2026-05-09 13:15:00+07'),
-- 10/05: 3 orders
('e1000014-0000-0000-0000-000000000000','LEV-20260510-0001','a1000001-0000-0000-0000-000000000000','b1000001-0000-0000-0000-000000000000', 1348000, 50000,    0, 1298000,'completed',       'bank_transfer','paid',   'Nguyễn Thị Lan', '0901234501','12 Đường Lê Lợi, Phường Bến Nghé, Quận 1, TP. HCM',                        '2026-05-10 10:00:00+07'),
('e1000015-0000-0000-0000-000000000000','LEV-20260510-0002','a1000006-0000-0000-0000-000000000000','b1000006-0000-0000-0000-000000000000',  249000,     0,30000,  279000,'completed',       'cod',          'paid',   'Vũ Thanh Nam',   '0956789006','89 Nguyễn Thị Thập, Phường Tân Phú, Quận 7, TP. HCM',                    '2026-05-10 15:30:00+07'),
('e1000016-0000-0000-0000-000000000000','LEV-20260510-0003','a1000007-0000-0000-0000-000000000000','b1000007-0000-0000-0000-000000000000',  699000,     0,    0,  699000,'completed',       'bank_transfer','paid',   'Đặng Thị Mai',   '0967890107','34 Trần Thái Tông, Phường Dịch Vọng, Quận Cầu Giấy, Hà Nội',            '2026-05-10 18:00:00+07'),
-- 11/05: 3 orders (1 cancelled)
('e1000017-0000-0000-0000-000000000000','LEV-20260511-0001','a1000002-0000-0000-0000-000000000000','b1000002-0000-0000-0000-000000000000',  598000,     0,    0,  598000,'completed',       'cod',          'paid',   'Trần Minh Tuấn', '0912345602','45 Nguyễn Thị Minh Khai, Phường 7, Quận 3, TP. HCM',                     '2026-05-11 09:20:00+07'),
('e1000018-0000-0000-0000-000000000000','LEV-20260511-0002','a1000008-0000-0000-0000-000000000000','b1000008-0000-0000-0000-000000000000',  799000,     0,    0,  799000,'completed',       'bank_transfer','paid',   'Bùi Văn Khánh',  '0978901208','67 Tô Hiến Thành, Phường 12, Quận 10, TP. HCM',                          '2026-05-11 14:40:00+07'),
('e1000019-0000-0000-0000-000000000000','LEV-20260511-0003','a1000003-0000-0000-0000-000000000000','b1000003-0000-0000-0000-000000000000',  459000,     0,30000,  489000,'cancelled',        'cod',          'pending','Lê Thị Hoa',     '0923456703','78 Đường Láng, Phường Láng Hạ, Quận Đống Đa, Hà Nội',                    '2026-05-11 16:10:00+07'),
-- 12/05: 3 orders
('e1000020-0000-0000-0000-000000000000','LEV-20260512-0001','a1000004-0000-0000-0000-000000000000','b1000004-0000-0000-0000-000000000000', 1098000, 50000,    0, 1048000,'delivered',        'bank_transfer','paid',   'Phạm Quốc Bảo',  '0934567804','23 Đinh Bộ Lĩnh, Phường 25, Quận Bình Thạnh, TP. HCM',                   '2026-05-12 08:50:00+07'),
('e1000021-0000-0000-0000-000000000000','LEV-20260512-0002','a1000005-0000-0000-0000-000000000000','b1000005-0000-0000-0000-000000000000',  299000,     0,30000,  329000,'delivered',        'cod',          'paid',   'Hoàng Thu Linh', '0945678905','56 Phan Châu Trinh, Phường Thạch Thang, Quận Hải Châu, Đà Nẵng',        '2026-05-12 11:30:00+07'),
('e1000022-0000-0000-0000-000000000000','LEV-20260512-0003','a1000001-0000-0000-0000-000000000000','b1000001-0000-0000-0000-000000000000',  549000,     0,    0,  549000,'delivered',        'bank_transfer','paid',   'Nguyễn Thị Lan', '0901234501','12 Đường Lê Lợi, Phường Bến Nghé, Quận 1, TP. HCM',                        '2026-05-12 14:20:00+07'),
-- 13/05: 3 orders
('e1000023-0000-0000-0000-000000000000','LEV-20260513-0001','a1000006-0000-0000-0000-000000000000','b1000006-0000-0000-0000-000000000000',  948000,     0,    0,  948000,'shipping',         'bank_transfer','paid',   'Vũ Thanh Nam',   '0956789006','89 Nguyễn Thị Thập, Phường Tân Phú, Quận 7, TP. HCM',                    '2026-05-13 09:10:00+07'),
('e1000024-0000-0000-0000-000000000000','LEV-20260513-0002','a1000007-0000-0000-0000-000000000000','b1000007-0000-0000-0000-000000000000',  199000,     0,30000,  229000,'shipping',         'cod',          'pending','Đặng Thị Mai',   '0967890107','34 Trần Thái Tông, Phường Dịch Vọng, Quận Cầu Giấy, Hà Nội',            '2026-05-13 13:50:00+07'),
('e1000025-0000-0000-0000-000000000000','LEV-20260513-0003','a1000002-0000-0000-0000-000000000000','b1000002-0000-0000-0000-000000000000', 1498000, 50000,    0, 1448000,'shipping',         'bank_transfer','paid',   'Trần Minh Tuấn', '0912345602','45 Nguyễn Thị Minh Khai, Phường 7, Quận 3, TP. HCM',                     '2026-05-13 16:30:00+07'),
-- 14/05: 2 orders
('e1000026-0000-0000-0000-000000000000','LEV-20260514-0001','a1000008-0000-0000-0000-000000000000','b1000008-0000-0000-0000-000000000000',  599000,     0,    0,  599000,'processing',       'cod',          'pending','Bùi Văn Khánh',  '0978901208','67 Tô Hiến Thành, Phường 12, Quận 10, TP. HCM',                          '2026-05-14 10:15:00+07'),
('e1000027-0000-0000-0000-000000000000','LEV-20260514-0002','a1000003-0000-0000-0000-000000000000','b1000003-0000-0000-0000-000000000000',  449000,     0,30000,  479000,'processing',       'bank_transfer','paid',   'Lê Thị Hoa',     '0923456703','78 Đường Láng, Phường Láng Hạ, Quận Đống Đa, Hà Nội',                    '2026-05-14 14:00:00+07'),
-- 15/05: 3 orders
('e1000028-0000-0000-0000-000000000000','LEV-20260515-0001','a1000004-0000-0000-0000-000000000000','b1000004-0000-0000-0000-000000000000',  998000,     0,    0,  998000,'confirmed',        'bank_transfer','paid',   'Phạm Quốc Bảo',  '0934567804','23 Đinh Bộ Lĩnh, Phường 25, Quận Bình Thạnh, TP. HCM',                   '2026-05-15 09:30:00+07'),
('e1000029-0000-0000-0000-000000000000','LEV-20260515-0002','a1000005-0000-0000-0000-000000000000','b1000005-0000-0000-0000-000000000000',  799000,     0,    0,  799000,'confirmed',        'cod',          'pending','Hoàng Thu Linh', '0945678905','56 Phan Châu Trinh, Phường Thạch Thang, Quận Hải Châu, Đà Nẵng',        '2026-05-15 12:20:00+07'),
('e1000030-0000-0000-0000-000000000000','LEV-20260515-0003','a1000001-0000-0000-0000-000000000000','b1000001-0000-0000-0000-000000000000',  249000,     0,30000,  279000,'confirmed',        'bank_transfer','paid',   'Nguyễn Thị Lan', '0901234501','12 Đường Lê Lợi, Phường Bến Nghé, Quận 1, TP. HCM',                        '2026-05-15 16:45:00+07'),
-- 16/05: 3 orders
('e1000031-0000-0000-0000-000000000000','LEV-20260516-0001','a1000006-0000-0000-0000-000000000000','b1000006-0000-0000-0000-000000000000',  799000,     0,    0,  799000,'confirmed',        'bank_transfer','paid',   'Vũ Thanh Nam',   '0956789006','89 Nguyễn Thị Thập, Phường Tân Phú, Quận 7, TP. HCM',                    '2026-05-16 08:10:00+07'),
('e1000032-0000-0000-0000-000000000000','LEV-20260516-0002','a1000007-0000-0000-0000-000000000000','b1000007-0000-0000-0000-000000000000',  459000,     0,30000,  489000,'confirmed',        'cod',          'pending','Đặng Thị Mai',   '0967890107','34 Trần Thái Tông, Phường Dịch Vọng, Quận Cầu Giấy, Hà Nội',            '2026-05-16 11:30:00+07'),
('e1000033-0000-0000-0000-000000000000','LEV-20260516-0003','a1000002-0000-0000-0000-000000000000','b1000002-0000-0000-0000-000000000000', 1348000, 50000,    0, 1298000,'pending_payment',  'bank_transfer','pending','Trần Minh Tuấn', '0912345602','45 Nguyễn Thị Minh Khai, Phường 7, Quận 3, TP. HCM',                     '2026-05-16 15:00:00+07'),
-- 17/05 (today): 7 orders
('e1000034-0000-0000-0000-000000000000','LEV-20260517-0001','a1000008-0000-0000-0000-000000000000','b1000008-0000-0000-0000-000000000000',  299000,     0,30000,  329000,'pending_payment',  'cod',          'pending','Bùi Văn Khánh',  '0978901208','67 Tô Hiến Thành, Phường 12, Quận 10, TP. HCM',                          '2026-05-17 08:00:00+07'),
('e1000035-0000-0000-0000-000000000000','LEV-20260517-0002','a1000003-0000-0000-0000-000000000000','b1000003-0000-0000-0000-000000000000',  549000,     0,    0,  549000,'pending_payment',  'bank_transfer','pending','Lê Thị Hoa',     '0923456703','78 Đường Láng, Phường Láng Hạ, Quận Đống Đa, Hà Nội',                    '2026-05-17 09:30:00+07'),
('e1000036-0000-0000-0000-000000000000','LEV-20260517-0003','a1000004-0000-0000-0000-000000000000','b1000004-0000-0000-0000-000000000000',  699000,     0,    0,  699000,'pending_payment',  'bank_transfer','pending','Phạm Quốc Bảo',  '0934567804','23 Đinh Bộ Lĩnh, Phường 25, Quận Bình Thạnh, TP. HCM',                   '2026-05-17 10:00:00+07'),
('e1000037-0000-0000-0000-000000000000','LEV-20260517-0004','a1000005-0000-0000-0000-000000000000','b1000005-0000-0000-0000-000000000000',  799000,     0,    0,  799000,'pending_payment',  'cod',          'pending','Hoàng Thu Linh', '0945678905','56 Phan Châu Trinh, Phường Thạch Thang, Quận Hải Châu, Đà Nẵng',        '2026-05-17 11:15:00+07'),
('e1000038-0000-0000-0000-000000000000','LEV-20260517-0005','a1000001-0000-0000-0000-000000000000','b1000001-0000-0000-0000-000000000000', 1058000, 50000,    0, 1008000,'pending_payment',  'bank_transfer','pending','Nguyễn Thị Lan', '0901234501','12 Đường Lê Lợi, Phường Bến Nghé, Quận 1, TP. HCM',                        '2026-05-17 12:00:00+07'),
('e1000039-0000-0000-0000-000000000000','LEV-20260517-0006','a1000006-0000-0000-0000-000000000000','b1000006-0000-0000-0000-000000000000',  249000,     0,30000,  279000,'pending_payment',  'cod',          'pending','Vũ Thanh Nam',   '0956789006','89 Nguyễn Thị Thập, Phường Tân Phú, Quận 7, TP. HCM',                    '2026-05-17 13:30:00+07'),
('e1000040-0000-0000-0000-000000000000','LEV-20260517-0007','a1000007-0000-0000-0000-000000000000','b1000007-0000-0000-0000-000000000000',  459000,     0,    0,  459000,'pending_payment',  'bank_transfer','pending','Đặng Thị Mai',   '0967890107','34 Trần Thái Tông, Phường Dịch Vọng, Quận Cầu Giấy, Hà Nội',            '2026-05-17 14:45:00+07')
ON CONFLICT DO NOTHING;

-- ============================================
-- PART 5: ORDER ITEMS
-- Prices match order subtotals exactly.
-- Item IDs: fOOO0I00 (OOO=3-digit order, I=item index)
-- ============================================
INSERT INTO order_items (id,order_id,variant_id,product_name,product_image,variant_size,variant_color,unit_price,quantity,total_price)
VALUES
-- O1: 2×áo thun M Trắng 299k → 598k
('f0010100-0000-0000-0000-000000000000','e1000001-0000-0000-0000-000000000000','d1010200-0000-0000-0000-000000000000','Áo Thun Nam Cổ Tròn Basic',    '/images/products/product-1.png','M','Trắng',    299000,2,598000),
-- O2: 1×sơ mi nam L Trắng 499k
('f0020100-0000-0000-0000-000000000000','e1000002-0000-0000-0000-000000000000','d1030200-0000-0000-0000-000000000000','Áo Sơ Mi Nam Dài Tay Trắng',   '/images/products/product-3.png','L','Trắng',    499000,1,499000),
-- O3: 1×sơ mi nữ M Xanh Pastel 449k
('f0030100-0000-0000-0000-000000000000','e1000003-0000-0000-0000-000000000000','d1040200-0000-0000-0000-000000000000','Áo Sơ Mi Nữ Tay Bồng Pastel',  '/images/products/product-4.png','M','Xanh Pastel',449000,1,449000),
-- O4: 1×bomber M Đen 799k
('f0040100-0000-0000-0000-000000000000','e1000004-0000-0000-0000-000000000000','d1090200-0000-0000-0000-000000000000','Áo Khoác Bomber Unisex Basic', '/images/products/product-9.png','M','Đen',      799000,1,799000),
-- O5: 1×quần kaki L Be 599k + 1×crop top M Hồng 249k = 848k (disc 50k)
('f0050100-0000-0000-0000-000000000000','e1000005-0000-0000-0000-000000000000','d1050200-0000-0000-0000-000000000000','Quần Kaki Nam Slim Fit',       '/images/products/product-5.png','L','Be',       599000,1,599000),
('f0050200-0000-0000-0000-000000000000','e1000005-0000-0000-0000-000000000000','d1020200-0000-0000-0000-000000000000','Áo Thun Nữ Crop Top Trơn',     '/images/products/product-2.png','M','Hồng',     249000,1,249000),
-- O6: 1×áo thun M Đen 299k
('f0060100-0000-0000-0000-000000000000','e1000006-0000-0000-0000-000000000000','d1010500-0000-0000-0000-000000000000','Áo Thun Nam Cổ Tròn Basic',    '/images/products/product-1.png','M','Đen',      299000,1,299000),
-- O7: 1×quần kaki M Be 599k
('f0070100-0000-0000-0000-000000000000','e1000007-0000-0000-0000-000000000000','d1050100-0000-0000-0000-000000000000','Quần Kaki Nam Slim Fit',       '/images/products/product-5.png','M','Be',       599000,1,599000),
-- O8: 1×crop top S Hồng 249k
('f0080100-0000-0000-0000-000000000000','e1000008-0000-0000-0000-000000000000','d1020100-0000-0000-0000-000000000000','Áo Thun Nữ Crop Top Trơn',     '/images/products/product-2.png','S','Hồng',     249000,1,249000),
-- O9: 1×váy maxi M Trắng Hoa 549k
('f0090100-0000-0000-0000-000000000000','e1000009-0000-0000-0000-000000000000','d1070200-0000-0000-0000-000000000000','Váy Maxi Hoa Nhí Đi Biển',     '/images/products/product-7.png','M','Trắng Hoa',549000,1,549000),
-- O10: 1×bomber L Xanh Rêu 799k
('f0100100-0000-0000-0000-000000000000','e1000010-0000-0000-0000-000000000000','d1090300-0000-0000-0000-000000000000','Áo Khoác Bomber Unisex Basic', '/images/products/product-9.png','L','Xanh Rêu', 799000,1,799000),
-- O11: 1×đầm S Đen 459k
('f0110100-0000-0000-0000-000000000000','e1000011-0000-0000-0000-000000000000','d1080100-0000-0000-0000-000000000000','Đầm Thun Ôm Body Công Sở',     '/images/products/product-8.png','S','Đen',      459000,1,459000),
-- O12: 1×jean M Xanh Nhạt 699k + 1×sơ mi nữ S Xanh Pastel 449k = 1148k (disc 50k)
('f0120100-0000-0000-0000-000000000000','e1000012-0000-0000-0000-000000000000','d1060200-0000-0000-0000-000000000000','Quần Jean Nữ Ống Rộng',        '/images/products/product-6.png','M','Xanh Nhạt',699000,1,699000),
('f0120200-0000-0000-0000-000000000000','e1000012-0000-0000-0000-000000000000','d1040100-0000-0000-0000-000000000000','Áo Sơ Mi Nữ Tay Bồng Pastel',  '/images/products/product-4.png','S','Xanh Pastel',449000,1,449000),
-- O13: 1×sơ mi nam M Trắng 499k
('f0130100-0000-0000-0000-000000000000','e1000013-0000-0000-0000-000000000000','d1030100-0000-0000-0000-000000000000','Áo Sơ Mi Nam Dài Tay Trắng',   '/images/products/product-3.png','M','Trắng',    499000,1,499000),
-- O14: 1×bomber S Đen 799k + 1×váy maxi S Trắng Hoa 549k = 1348k (disc 50k)
('f0140100-0000-0000-0000-000000000000','e1000014-0000-0000-0000-000000000000','d1090100-0000-0000-0000-000000000000','Áo Khoác Bomber Unisex Basic', '/images/products/product-9.png','S','Đen',      799000,1,799000),
('f0140200-0000-0000-0000-000000000000','e1000014-0000-0000-0000-000000000000','d1070100-0000-0000-0000-000000000000','Váy Maxi Hoa Nhí Đi Biển',     '/images/products/product-7.png','S','Trắng Hoa',549000,1,549000),
-- O15: 1×crop top S Be 249k
('f0150100-0000-0000-0000-000000000000','e1000015-0000-0000-0000-000000000000','d1020400-0000-0000-0000-000000000000','Áo Thun Nữ Crop Top Trơn',     '/images/products/product-2.png','S','Be',       249000,1,249000),
-- O16: 1×jean L Xanh Đậm 699k
('f0160100-0000-0000-0000-000000000000','e1000016-0000-0000-0000-000000000000','d1060300-0000-0000-0000-000000000000','Quần Jean Nữ Ống Rộng',        '/images/products/product-6.png','L','Xanh Đậm', 699000,1,699000),
-- O17: 2×áo thun S Đen 299k = 598k
('f0170100-0000-0000-0000-000000000000','e1000017-0000-0000-0000-000000000000','d1010400-0000-0000-0000-000000000000','Áo Thun Nam Cổ Tròn Basic',    '/images/products/product-1.png','S','Đen',      299000,2,598000),
-- O18: 1×bomber M Đen 799k
('f0180100-0000-0000-0000-000000000000','e1000018-0000-0000-0000-000000000000','d1090200-0000-0000-0000-000000000000','Áo Khoác Bomber Unisex Basic', '/images/products/product-9.png','M','Đen',      799000,1,799000),
-- O19 (cancelled): 1×đầm M Đen 459k
('f0190100-0000-0000-0000-000000000000','e1000019-0000-0000-0000-000000000000','d1080200-0000-0000-0000-000000000000','Đầm Thun Ôm Body Công Sở',     '/images/products/product-8.png','M','Đen',      459000,1,459000),
-- O20: 1×quần kaki M Đen 599k + 1×sơ mi nam M Xanh 499k = 1098k (disc 50k)
('f0200100-0000-0000-0000-000000000000','e1000020-0000-0000-0000-000000000000','d1050400-0000-0000-0000-000000000000','Quần Kaki Nam Slim Fit',       '/images/products/product-5.png','M','Đen',      599000,1,599000),
('f0200200-0000-0000-0000-000000000000','e1000020-0000-0000-0000-000000000000','d1030400-0000-0000-0000-000000000000','Áo Sơ Mi Nam Dài Tay Trắng',   '/images/products/product-3.png','M','Xanh',     499000,1,499000),
-- O21: 1×áo thun L Trắng 299k
('f0210100-0000-0000-0000-000000000000','e1000021-0000-0000-0000-000000000000','d1010300-0000-0000-0000-000000000000','Áo Thun Nam Cổ Tròn Basic',    '/images/products/product-1.png','L','Trắng',    299000,1,299000),
-- O22: 1×váy maxi L Vàng Hoa 549k
('f0220100-0000-0000-0000-000000000000','e1000022-0000-0000-0000-000000000000','d1070300-0000-0000-0000-000000000000','Váy Maxi Hoa Nhí Đi Biển',     '/images/products/product-7.png','L','Vàng Hoa', 549000,1,549000),
-- O23: 1×jean S Xanh Nhạt 699k + 1×crop top M Be 249k = 948k
('f0230100-0000-0000-0000-000000000000','e1000023-0000-0000-0000-000000000000','d1060100-0000-0000-0000-000000000000','Quần Jean Nữ Ống Rộng',        '/images/products/product-6.png','S','Xanh Nhạt',699000,1,699000),
('f0230200-0000-0000-0000-000000000000','e1000023-0000-0000-0000-000000000000','d1020500-0000-0000-0000-000000000000','Áo Thun Nữ Crop Top Trơn',     '/images/products/product-2.png','M','Be',       249000,1,249000),
-- O24: 1×túi tote FREE Trắng 199k
('f0240100-0000-0000-0000-000000000000','e1000024-0000-0000-0000-000000000000','d1100100-0000-0000-0000-000000000000','Túi Tote Canvas In Logo Levents','/images/products/product-1.png','FREE','Trắng',199000,1,199000),
-- O25: 1×bomber M Đen 799k + 1×jean M Xanh Nhạt 699k = 1498k (disc 50k)
('f0250100-0000-0000-0000-000000000000','e1000025-0000-0000-0000-000000000000','d1090200-0000-0000-0000-000000000000','Áo Khoác Bomber Unisex Basic', '/images/products/product-9.png','M','Đen',      799000,1,799000),
('f0250200-0000-0000-0000-000000000000','e1000025-0000-0000-0000-000000000000','d1060200-0000-0000-0000-000000000000','Quần Jean Nữ Ống Rộng',        '/images/products/product-6.png','M','Xanh Nhạt',699000,1,699000),
-- O26: 1×quần kaki XL Be 599k
('f0260100-0000-0000-0000-000000000000','e1000026-0000-0000-0000-000000000000','d1050300-0000-0000-0000-000000000000','Quần Kaki Nam Slim Fit',       '/images/products/product-5.png','XL','Be',      599000,1,599000),
-- O27: 1×sơ mi nữ L Hồng Pastel 449k
('f0270100-0000-0000-0000-000000000000','e1000027-0000-0000-0000-000000000000','d1040300-0000-0000-0000-000000000000','Áo Sơ Mi Nữ Tay Bồng Pastel',  '/images/products/product-4.png','L','Hồng Pastel',449000,1,449000),
-- O28: 1×jean M Xanh Nhạt 699k + 1×áo thun M Trắng 299k = 998k
('f0280100-0000-0000-0000-000000000000','e1000028-0000-0000-0000-000000000000','d1060200-0000-0000-0000-000000000000','Quần Jean Nữ Ống Rộng',        '/images/products/product-6.png','M','Xanh Nhạt',699000,1,699000),
('f0280200-0000-0000-0000-000000000000','e1000028-0000-0000-0000-000000000000','d1010200-0000-0000-0000-000000000000','Áo Thun Nam Cổ Tròn Basic',    '/images/products/product-1.png','M','Trắng',    299000,1,299000),
-- O29: 1×bomber S Đen 799k
('f0290100-0000-0000-0000-000000000000','e1000029-0000-0000-0000-000000000000','d1090100-0000-0000-0000-000000000000','Áo Khoác Bomber Unisex Basic', '/images/products/product-9.png','S','Đen',      799000,1,799000),
-- O30: 1×crop top M Hồng 249k
('f0300100-0000-0000-0000-000000000000','e1000030-0000-0000-0000-000000000000','d1020200-0000-0000-0000-000000000000','Áo Thun Nữ Crop Top Trơn',     '/images/products/product-2.png','M','Hồng',     249000,1,249000),
-- O31: 1×bomber M Đen 799k
('f0310100-0000-0000-0000-000000000000','e1000031-0000-0000-0000-000000000000','d1090200-0000-0000-0000-000000000000','Áo Khoác Bomber Unisex Basic', '/images/products/product-9.png','M','Đen',      799000,1,799000),
-- O32: 1×đầm L Navy 459k
('f0320100-0000-0000-0000-000000000000','e1000032-0000-0000-0000-000000000000','d1080300-0000-0000-0000-000000000000','Đầm Thun Ôm Body Công Sở',     '/images/products/product-8.png','L','Navy',     459000,1,459000),
-- O33: 1×bomber L Xanh Rêu 799k + 1×váy maxi M Trắng Hoa 549k = 1348k (disc 50k)
('f0330100-0000-0000-0000-000000000000','e1000033-0000-0000-0000-000000000000','d1090300-0000-0000-0000-000000000000','Áo Khoác Bomber Unisex Basic', '/images/products/product-9.png','L','Xanh Rêu', 799000,1,799000),
('f0330200-0000-0000-0000-000000000000','e1000033-0000-0000-0000-000000000000','d1070200-0000-0000-0000-000000000000','Váy Maxi Hoa Nhí Đi Biển',     '/images/products/product-7.png','M','Trắng Hoa',549000,1,549000),
-- O34: 1×áo thun M Đen 299k
('f0340100-0000-0000-0000-000000000000','e1000034-0000-0000-0000-000000000000','d1010500-0000-0000-0000-000000000000','Áo Thun Nam Cổ Tròn Basic',    '/images/products/product-1.png','M','Đen',      299000,1,299000),
-- O35: 1×váy maxi M Trắng Hoa 549k
('f0350100-0000-0000-0000-000000000000','e1000035-0000-0000-0000-000000000000','d1070200-0000-0000-0000-000000000000','Váy Maxi Hoa Nhí Đi Biển',     '/images/products/product-7.png','M','Trắng Hoa',549000,1,549000),
-- O36: 1×jean M Xanh Nhạt 699k
('f0360100-0000-0000-0000-000000000000','e1000036-0000-0000-0000-000000000000','d1060200-0000-0000-0000-000000000000','Quần Jean Nữ Ống Rộng',        '/images/products/product-6.png','M','Xanh Nhạt',699000,1,699000),
-- O37: 1×bomber M Đen 799k
('f0370100-0000-0000-0000-000000000000','e1000037-0000-0000-0000-000000000000','d1090200-0000-0000-0000-000000000000','Áo Khoác Bomber Unisex Basic', '/images/products/product-9.png','M','Đen',      799000,1,799000),
-- O38: 1×quần kaki L Be 599k + 1×đầm M Đen 459k = 1058k (disc 50k)
('f0380100-0000-0000-0000-000000000000','e1000038-0000-0000-0000-000000000000','d1050200-0000-0000-0000-000000000000','Quần Kaki Nam Slim Fit',       '/images/products/product-5.png','L','Be',       599000,1,599000),
('f0380200-0000-0000-0000-000000000000','e1000038-0000-0000-0000-000000000000','d1080200-0000-0000-0000-000000000000','Đầm Thun Ôm Body Công Sở',     '/images/products/product-8.png','M','Đen',      459000,1,459000),
-- O39: 1×crop top M Hồng 249k
('f0390100-0000-0000-0000-000000000000','e1000039-0000-0000-0000-000000000000','d1020200-0000-0000-0000-000000000000','Áo Thun Nữ Crop Top Trơn',     '/images/products/product-2.png','M','Hồng',     249000,1,249000),
-- O40: 1×đầm S Đen 459k
('f0400100-0000-0000-0000-000000000000','e1000040-0000-0000-0000-000000000000','d1080100-0000-0000-0000-000000000000','Đầm Thun Ôm Body Công Sở',     '/images/products/product-8.png','S','Đen',      459000,1,459000)
ON CONFLICT DO NOTHING;

-- ============================================
-- PART 6: ORDER STATUS HISTORY
-- ============================================
INSERT INTO order_status_history (order_id, from_status, to_status, note, created_at)
SELECT id, NULL, status::order_status, 'Đơn hàng được tạo', created_at
FROM orders
WHERE id::text LIKE 'e10000%'
ON CONFLICT DO NOTHING;

-- ============================================
-- SUMMARY:
--   8 khách hàng mới (a1000001..a1000008)
--   8 địa chỉ (b1000001..b1000008)
--  10 sản phẩm + images + 34 variants
--  40 đơn hàng (04/05 - 17/05/2026)
--  50 order items
-- ============================================
